title;description;transport;price;room
Location appartement 2 pièces 26 m² Paris 10E;Paris 10e (75010). Appartement 2 pièces de 26,2 m², dans un immeuble ancien avec digicode, 3e étage. Entrée, salon avec cheminée, cuisine ouverte équipée de 2 plaques induction, micro-ondes, lave-linge, réfrigérateur, chambre avec...;Château d'Eau, Gare de l'Est (Verdun), Jacques Bonsergent;1.090 €;Pièces 2 Chambre 1 Surface 26 m 2
Location meublée chambre 20 m² Paris 13E;Paris 13e (75013). Chambre tout confort dans une maison avec jardin. Salon à partager. Cuisine et son équipement à partager (lave-linge, lave-vaisselle, micro-ondes, gazinière, machine à café, ustensiles de cuisine, vaisselle...). ...;Tolbiac, Maison Blanche, Place d'Italie;650 €;Pièce 1 Chambre 1 Surface 20 m 2
Location garage, parking Paris 19E;Paris 19e (75019). Large place de stationnement, 1er sous-sol, sécurisé, Villette 19eme. Location par an. Loyer charges comprises.;Corentin Cariou, Porte de la Villette, Crimée;115 €;
Location appartement 2 pièces 32 m² Paris 5E;Paris 5e (75005). 5ème, proximité Contrescarpe. Appartement 32 m², très clair, lumineux : séjour/salon, 1 chambre, salle de bain, cuisine équipée, fenêtres double vitrage, parquet, porte blindée serrure 3 points. 3e étage. ...;;1.207 €;Pièces 2 Chambre 1 Surface 32 m 2
Location meublée appartement 2 pièces 30 m² Paris 18E;Paris 18e (75018). Appartement 1/2 pièces (portes coulissantes), meublée, environ 30 m². Proche métro La Fourche. Voie privée fleurie, calme, ensoleillée. Coin cuisine (machine à laver, micro-ondes), salle d'eau. Loyer :...;La Fourche, Guy Môquet, Brochant;1.000 €;Pièces 2 Chambre 1 Surface 30 m 2
Location ou cession local commercial 30 m² Paris 3E;Paris 3e (75003). Marais. Belle boutique à céder actuellement salon de coiffure. 88 rue des Archives. Quartier très commerçant, proche de la rue de Bretagne. Cession de bail tous commerces, signé le 1er janvier 2016. Reprise...;;1.630 €;Surface 30 m 2
Location ou cession local commercial 61 m² Paris 9E;Paris 9e (75009). Bail à céder de boutique (cède pour 60.000 € négociable). Boutique 61 m² + cave 1 m². Dans le secteur Rochechouard/Condorcet, entre métros Cadet et Anvers. Bail tous commerces sauf...;Poissonnière, Anvers, Barbès - Rochechouart;1.457 €;Surface 61 m 2
Location appartement 2 pièces 56 m² Paris 17E;Paris 17e (75017). Au 4e étage sans ascenseur d'un immeuble pierre de taille. Bel appartement, lumineux, entièrement rénové de 56 m² composé de 2 pièces (parquet, cheminées, moulures). Idéalement situé, dans un quartier en pleine...;Guy Môquet, La Fourche, Brochant;1.500 €;Pièces 2 Chambre 1 Surface 56 m 2
Location meublée studio 33 m² Paris 17E;Paris 17e (75017). Quartier : Courcelles - Wagram Plaine Monceau/Courcelles. Idéalement situé dans un immeuble pierre de taille, gardienne, digicode / interphone, au 6e et dernier étage sans ascenseur. Beau pied-à-terre meublé,...;;1.216 €;Pièce 1 Surface 33 m 2
Location meublée studio 28 m² Paris 10E;Paris 10e (75010). Très agréable studio meublé dans immeuble moderne, 3e avec ascenseur. Pièce à vivre très claire et grande baie vitrée donnant sur les arbres du jardin de l'immeuble, calme, jardin privé accessible pour les occupants...;;1.250 €;Pièce 1 Surface 28 m 2
Location meublée studio 27 m² Paris;Paris 10e (75010). Studio 27 m², au 2ème étage, 5 cour des Petites Ecuries, métro Bonne Nouvelle (lignes 8/9) ou Strasbourg-Saint-Denis (ligne 4). Grand studio clair, 2 fenêtres double vitrage, meublé et équipé lave-linge, vraie...;;950 €;Pièce 1 Surface 27 m 2
Location meublée appartement 5 pièces 96 m² Paris 10E;Paris 10e (75010). Bel appartement haussmannien 5 pièces, 3 chambres. Entièrement revu et refait à neuf. Immeuble de style Haussmannien. Immeuble en pierre de taille. Cuisine aménagée refaite à neuf. Salle de bains neuve. Fenêtres...;Bonne Nouvelle, Château d'Eau, Strasbourg - Saint-Denis;2.910 €;Pièces 5 Chambres 3 Surface 96 m 2
Location appartement 2 pièces 46 m² Paris 12E;Paris 12e (75012). Daumesnil. 2 pièces 46 m² + balcon 3 m², 5ème étage sur jardin sans vis-à-vis. Très clair et calme, toutes les fenêtres donnent sur le jardin. Résidence récente avec chauffage collectif, ascenseur,...;Dugommier, Daumesnil (Félix Éboué), Cour Saint-Émilion;1.280 €;Pièces 2 Chambre 1 Surface 46 m 2
Location bureaux et locaux professionnels 94 m² Paris 16E;Paris 16e (75016). Dans hôtel particulier de très bon standing à 250 m de la Place de l'Étoile. En rez-de jardin à l'anglaise avec entrée bourgeoise rue Dumont d'Urville et accès avec petite vitrine rue La Pérouse. Plateau de...;Kléber, Charles de Gaulle - Étoile, George V;3.600 €;Surface 94 m 2
Location appartement 2 pièces 36 m² Paris 16E;Paris 16e (75016). Appartement non meublé 2 pièces, immeuble Haussmannien, 4ème étage, ascenseur. Cuisine équipée, double vitrage, toilettes séparées, cave, digicode, interphone. Appartement sur rue, calme et lumineux. Repeint...;;1.300 €;Pièces 2 Chambre 1 Surface 36 m 2
Location meublée chambre 10 m² Paris 17E;Paris 17e (75017). Dans quartier calme et agréable de la plaine Monceau. À 15mn des Champs-Elysées, de l'Opéra et de la gare Saint-Lazare. Loue chambre meublée mansardée avec lavabo (douche et wc sur palier) au 4ème étage sans...;Pont-Cardinet, Malesherbes, Wagram;599 €;Pièce 1 Chambre 1 Surface 10 m 2
Location garage, parking Paris 15E;Paris 15e (75015). Sous résidence à louer emplacements de parkings et boxs. Règlement par trimestre à partir de 90 euros mensuels loyer toutes charges comprises.;Convention, Georges Brassens, Vaugirard (Adolphe Chérioux);90 €;
Location meublée studio 11 m² Paris 17E;Paris 17e (75017). Studette de 10,46 m² meublé, rue Sauffroy. A deux pas du métro Brochant, du marché des Batignolles, du Parc Martin Luther King et de la piscine de la Jonquière. 1er étage sans ascenseur, interphone, tout...;Brochant, Guy Môquet, Porte de Clichy;590 €;Pièce 1 Surface 11 m 2
Location meublée studio 9 m² Paris 10E;Paris 10e (75010). Studio meublé refait 9 m² équipé pour un(e) étudiant(e). Au 6ème sans ascenseur, 1 digicode et gardien d'immeuble. Voisinage d'étage calme. Très bien situé métro Poissonnière. Commerces, métro, bus, RER,...;;550 €;Pièce 1 Surface 9 m 2
Location studio 29 m² Paris 17E;Paris 17e (75017). Grand studio intégralement refait à neuf (en 2016) de 29 m², situé entre l'Arc-de-Triomphe et l'avenue des Ternes. Au 5ème étage avec ascenseur d'un immeuble de standing avec gardien. Très lumineux, bien agencé,...;Ternes, Argentine, Charles de Gaulle - Étoile;1.080 €;Pièce 1 Surface 29 m 2
Location bureaux et locaux professionnels 12 m² Paris 13E;Paris 13e (75013). Bureau situé sur une péniche amarrée aux pieds de la Cité de la Mode et du Design sur le Port d'Austerlitz dans le 13e arrondissement parisien. Bureau privé au sein d'une pépinière de micro-entreprises ayant une...;Quai de la Gare, Gare d'Austerlitz, Gare de Lyon;780 €;Surface 12 m 2
Location meublée studio 20 m² Paris 14E;Paris 14e (75014). Coeur Montparnasse, limite 6e. Studio 20 m², meublé et équipé tout confort (lave linge, vaisselle), salle d'eau/wc. Au 2e étage, clair et calme. Digicode + interphone. Belle situation, 3 métros, tous commerces. ...;;890 €;Pièce 1 Surface 20 m 2
Location bureaux et locaux professionnels 135 m² Paris 13E;Paris 13e (75013). Bureaux / 300 m² divisibles en 2 lots. Locaux professionnels à louer dans le quartier BNF à Paris 13ème, rue René Goscinny à 200m de la station de métro Bibliothèque François Mitterrand (ligne 14 - RER C).;Bibliothèque François Mitterrand, Avenue de France, Cour Saint-Émilion;4.400 €;Surface 135 m 2
Location garage, parking Paris 14E;Paris 14e (75014). Emplacement de parking au 1er sous-sol immeuble d'habitation - pour voiture citadine - sécurisé badge d'accès. Loyer charges comprises.;Mouton-Duvernet, Gaîté, Denfert-Rochereau (Colonel Rol-Tanguy);100 €;
Location appartement 2 pièces 39 m² Paris 15E;Paris 15e (75015). Métro Convention. Immeuble pierre de taille, digicode. Beau 2 pièces 39m2, au 1er, double exposition sur cour et sur rue : entrée, séjour, chambre, cuisine séparée, salle de bains, wc séparés. Parquet. Chauffage...;;1.040 €;Pièces 2 Chambre 1 Surface 39 m 2
Location appartement 2 pièces 49 m² Paris 16E;Paris 16e (75116). Deux pièces dans immeuble récent, quartier commerçant et résidentiel, à proximité galerie marchande, lycée Janson, Université Paris Dauphine métro Trocadéro, Victor Hugo, Boissière. Séjour, chambre, cuisine équipée,...;;1.860 €;Pièces 2 Chambre 1 Surface 49 m 2
Location ou cession local commercial 35 m² Paris 20E;Paris 20e (75020). Belle boutique de 35 m² avec 4 m de façade en linéaire sur axe passant et assez commerçant, proche de la place Auguste Métivier (métro Père Lachaise). Bon état général, local climatisé. Toutes activités sauf...;;1.700 €;Surface 35 m 2
Location meublée studio 18 m² Paris 15E;Paris 15e (75015). Trés joli F1 meublé et équipé de 18 m² récemment rénové. Situé dans le 15ème arrondissement de Paris. Disponible de suite. Dans un bel immeuble, au rez-de-chaussée. Beau jardin privatif dans la copropriété.;;900 €;Pièce 1 Surface 18 m 2
Location garage, parking Paris 6E;Paris 6e (75006). 72 rue de Sèvres-Vaneau-Duroc. Box fermé au 1 er sous-sol. Durée minimum 6 mois. Loyer charges comprises.;Duroc, Vaneau, Falguière;160 €;
Location garage, parking Paris 9E;Paris 9e (75009). Secteur Trinité : emplacement de parking au 4ème sous-sol (immeuble exclusivement de parkings de 5 sous-sol) - Hauteur : 1,85 m, largeur : 2,40 m longueur : 5,25 m. Accès facile sécurisé par bip -...;Trinité - d'Estienne d'Orves, Saint-Georges, Notre-Dame-de-Lorette;180 €;
Location meublée studio 30 m² Paris 14E;Paris 14e (75014). Idéalement situé, proche commerces et transports. Grand studio traversant de 30 m², 2ème étage sans ascenseur, comprenant, une entrée, une belle pièce de vie, une cuisine indépendante avec coin repas, une salle...;Gaîté, Pernety, Edgar Quinet;1.150 €;Pièce 1 Chambre 1 Surface 30 m 2
Location meublée appartement 2 pièces 55 m² Paris 15E;Paris 15e (75015). Au pied métro La Motte-Picquet. 2 pièces 55 m², meublé, lumineux, balcon 8 m² baies vitrées, stores électriques, très belle vue sur monuments (Tour Eiffel, Invalides, Sacré-Coeur...), double vitrage, jacuzzi,...;;1.800 €;Pièces 2 Chambre 1 Surface 55 m 2
Location garage, parking Paris 16E;Paris 16e (75016). Une place de parking à louer, dans un immeuble récent, entrée sécurisée, 4ème sous-sol. 200 € par mois, charges comprises, caution 200 euros remoboursée à l'issu de la location, 15bis, rue Louis David, 16ème;Rue de la Pompe (Avenue Georges Mandel), Trocadéro, Passy;200 €;
Location ou cession local commercial 31 m² Paris 17E;Paris 17e (75017). Local idéal pour profession médicale (dentiste, généraliste, orthophoniste, kiné,...), situé pas loin du RER C et de la ligne 3. Composé d'une grande entrée (accueil et salle d'attente) + 2 pièces + cuisinette + wc. ...;Porte de Champerret, Pereire (Maréchal Juin), Pereire - Levallois;1.400 €;Surface 31 m 2
Location meublée bureaux et locaux professionnels 15 m² Paris 16E;Paris 16e (75016). Bureau de 15 m² en bon état vide( meubles dans les photos seront enlevés). Au 2ème étage d'un immeuble de bureaux de bon standing, donnant sur cour claire et calme. Emplacement de 1er ordre. 7 min à pied de...;Porte d'Auteuil, Michel-Ange - Auteuil, Michel-Ange - Molitor;730 €;Surface 15 m 2
Location appartement 2 pièces 50 m² Paris 5E;Paris 5e (75005). Rue Poliveau près place Geoffroy St-Hilaire et commerces. Vaste 2 pièces 50 m². 1er étage ascenseur. Clair, exposition Sud, soleil. Très bon état, peintures 2014-2016. Bien distribué. Séjour avec fibre...;Saint-Marcel, Censier - Daubenton, Campo-Formio;1.670 €;Pièces 2 Chambre 1 Surface 50 m 2
Location ou cession local commercial 80 m² Paris 4E;Paris 4e (75004). Au 9 rue de Rivoli. Murs libres de 80 m² environ de plain-pied et 6 mètres façade. Bail neuf 3, 6, 9 ou 10 ans. Loyer : 80.000 € HT - HC annuels. Droit d'entrée de 200.000 €. ...;Saint-Paul (Le Marais), Pont Marie (Cité des Arts), Hôtel de Ville;6.666 €;Surface 80 m 2
Location bureaux et locaux professionnels 115 m² Paris 10E;Paris 10e (75010). Beaucoup de charme pour ce bureau atypique de 110 m², en rez-de-chaussée et sous sol à l'intérieur d'un loft-bureau de 140 m². Une surface de 50 m² avec 9 postes de travail au Rez de chaussé avec...;Bonne Nouvelle, Château d'Eau, Poissonnière;4.300 €;Surface 115 m 2
Location meublée appartement 2 pièces 37 m² Paris 10E;Paris 10e (75010). Métro La Chapelle. 2 pièces meublées au 3ème étage sans ascenseur, comprenant une cuisine ouverte sur l'entrée, un séjour, une chambre avec salle de bains, wc. Une cave. Visites vendredi 20/10/2017 et samedi 21/10/2017...;;1.100 €;Pièces 2 Chambre 1 Surface 37 m 2
Location appartement 2 pièces 56 m² Paris 12E;Paris 12e (75012). Paris 12, au 32 bis rue de la Voute, proche commerçants, métro, bus. Dans immeuble 1990, au rez de chaussée, grand 2 pièces 56 m², avec cuisine séparée aménagée (plaques de cuisson électriques, mais sans autre...;Porte de Vincennes, Alexandra David-Néel, Picpus (Courteline);1.375 €;Pièces 2 Chambre 1 Surface 56 m 2
Location garage, parking Paris 14E;Paris 14e (75014). Parking dans résidence faisant l'angle rue Pernéty, rue Guilleminot dans le 14ème. Libre à compter du 1er novembre. Loyer : 110 € charges comprises (exactement identique à celui du précédent...;Pernety, Plaisance, Gaîté;110 €;
Location meublée appartement 2 pièces 51 m² Paris 15E;Paris 15e (75015). Quartier Pasteur. Beau 2 pièces meublé de 51 m², refait à neuf. Immeuble de bon standing au 3ème étage avec ascenseur. Très lumineux exposé Sud Est et traversant, vue dégagée. L'appartement se compose d'un...;Volontaires, Pasteur, Vaugirard (Adolphe Chérioux);1.780 €;Pièces 2 Chambre 1 Surface 51 m 2
Location studio 29 m² Paris 15E;Paris 15e (75015). Loue vide, studio 29 m², très clair, parquet, entrée, pièce, grande cuisine semi-aménagée avec meubles et 4 trous gaz, salle de bains avec baignoire et wc, grand dressing. Double vitrage. Branchement machine à...;Dupleix, Avenue Émile Zola, La Motte-Picquet - Grenelle;1.000 €;Pièce 1 Surface 29 m 2
Location meublée studio 28 m² Paris 19E;Paris 19e (75019). Grand studio de 28 m². Passage semi piétonnier 2 pièces formant un studio meublé rénové récemment, clair et calme, chauffage central : séjour meublé avec soin (télévision écran plat), cuisine équipée (lave...;Télégraphe, Hôpital Robert-Debré, Pré Saint-Gervais;995 €;Pièce 1 Surface 28 m 2
Location meublée appartement 2 pièces 32 m² Paris 5E;Paris 5e (75005). Charmant duplex, 32 m², rue des Ecoles, sur rue et Jardin : au 3e étage : 1 cuisinette équipée (induction, four, réfrigérateur /congélateur) - 1 pièce à vivre, au 4e étage sur jardin : 1 chambre -...;Cardinal Lemoine, Jussieu, Maubert - Mutualité;1.185 €;Pièces 2 Chambre 1 Surface 32 m 2
Location meublée appartement 2 pièces 37 m² Paris 20E;Paris 20e (75020). Dans une rue calme, à deux pas de la Campagne à Paris. 2 pièces traversant, lumineux, de 37 m², en très bon état, rénovation récente, au 4ème étage d'un bel immeuble 1930. Entrée, salle de bains, cuisine équipée,...;Pelleport, Séverine, Porte de Bagnolet;1.200 €;Pièces 2 Chambre 1 Surface 37 m 2
Location garage, parking Paris 11E;Paris 11e (75011). 3 Parkings à louer au 27 rue des Taillandiers (2,30 m x 4,80 m), (2m x 4,94 m),(2m x 7,60 m pour voiture + moto) au 1er sous-sol. Accès direct facile, situé face à la rampe d'entrée sortie. Accès véhicule par...;;100 €;
Location appartement 2 pièces 46 m² Paris 13E;Paris 13e (75013). Appartement de deux pièces de 46 m² plus cave au sous sol. Proche de la place de Rungis refait à neuf avec balcon au 5ème étage sans ascenseur. Cuisine aménagée avec plan de travail, éléments hauts et bas. Plaque...;Stade Charléty, Poterne des Peupliers, Cité universitaire;1.290 €;Pièces 2 Surface 46 m 2
Location ou cession local commercial 45 m² Paris 15E;Paris 15e (75015). Au 1er étage du Centre Commercial Montparnasse. Boutique d'angle située sur la trémie centrale du Centre Commercial. Superficie de 45 m² et façade de 13 mètres environ. Location précaire (bail dérogatoire de...;Montparnasse - Bienvenüe, Edgar Quinet, Falguière;6.000 €;Surface 45 m 2
Location appartement 6 pièces 131 m² Paris 15E;Paris 15e (75015). Appartement de six pièces entièrement rénové d'une surface de 130 m², situé au 3ème étage avec ascenseur d'un bel immeuble type Haussmannien. Composé d'une grande galerie d'entrée, d'un séjour double, 4 chambres,...;;3.900 €;Pièces 6 Chambres 4 Surface 131 m 2
Location meublée appartement 2 pièces 50 m² Paris 17E;Paris 17e (75017). A 500 m de Charles de Gaulle Etoile. Appartement 2 pièces avec salon, cuisine équipée à neuf, chambre, salle de bains, situé au rez-de chaussée cour et rue. Loyer : 1.700 € / mois charges comprises...;;1.700 €;Pièces 2 Chambre 1 Surface 50 m 2
Location garage, parking Paris 11E;Paris 11e (75011). Bd Voltaire metro rue des boulets. Loue place de parking 3,70 m sur 4,70. Au 1er sous sol accès par rampe (bip) ascenseur immeuble (vigik + clé). Location à l'année loyer mensuel charges comprises 100 €/mois.;Rue des Boulets, Faidherbe - Chaligny, Charonne;100 €;
Location bureaux et locaux professionnels 224 m² Paris 3E;Paris 3e (75003). Rue Réaumur, au pied du métro Arts - Métiers. Bureaux d'une superficie totale de 224m2, occupant tout le 3ème étage, rénovés récemment. Ascenseur et parties communes soignées. Lumineux et traversant (côté rue...;;11.000 €;Surface 224 m 2
Location meublée appartement 2 pièces 41 m² Paris 16E;Paris 11e (75011). Ranelagh, 2 pièces meublé 41m2 Au 2e étage avec ascenseur dans un immeuble récent de standing, très bel appartement exposé sud, en excellent état. Une pièce à vivre spacieuse et lumineuse, ouvrant sur un balcon sur...;Ranelagh, Jasmin, La Muette;1.550 €;Pièces 2 Chambre 1 Surface 41 m 2
Location meublée appartement 4 pièces 74 m² Paris 16E;Paris 16e (75016). **4-5 pièces meublé**, double séjour avec cuisine américaine, électroménager neuf. 3 chambres avec dressing, salle bains et wc séparés. Sur cour et jardin. Proche place Victor Hugo, Iena, Rue de la Pompe. ...;;2.650 €;Pièces 4 Chambres 3 Surface 74 m 2
Location meublée appartement 2 pièces 30 m² Paris 13E;Paris 13e (75013). Appartement meublé de 30 m² comprenant 2 pièces indépendantes composée d'une cuisine équipée et d'une chambre avec canapé lit, bureau et Télévision. Salle de bain/wc indépendant. Chauffage central indépendant...;Chevaleret, Nationale, Olympiades;830 €;Pièces 2 Chambre 1 Surface 30 m 2
Location appartement 3 pièces 39 m² Paris 10E;Paris 10e (75010). Très beau 3 pièces refait à neuf 38,80 m² : entrée, séjour, 2 chambres, cuisine américaine, salle d'eau avec douche à l'italienne. Parquet massif. Porte blindée, digicode, interphone, gardien. A 3 mn...;;1.178 €;Pièces 3 Chambres 2 Surface 39 m 2
Location bureaux et locaux professionnels 10 m² Paris 15E;Paris 15e (75015). Espace Rosenwald est situé à proximité de la Gare Montparnasse, du Parc des Expositions, quartier Convention et Parc Georges Brassens. Nous proposons à la location, des bureaux lumineux (10 à 27 m²), récents et...;Porte de Vanves, Brancion, Plaisance;450 €;Surface 10 m 2
Location meublée studio 25 m² Paris 8E;Paris 8e (75008). A 50 m des Champs Elysées (rue du Ponthieu). Superbe studio refait à neuf et intégralement meublé de 25 m² sur cours privée. Au 2ème étage par ascenseur. Emplacement d'exception dans un immeuble de grand...;;1.450 €;Pièce 1 Surface 25 m 2
Location garage, parking Paris 15E;Paris 15e (75015). Bir-Hakeim / Dupleix / Charles Michels. Grande place de parking sécurisée au 2ème sous-sol, clef de porte, carte magnétique et clef pour cadenas du stop-park. Accès piéton par badge et ascenseur. Gardien 24h/24h. ...;Bir-Hakeim (Tour Eiffel), Champ de Mars - Tour Eiffel, Avenue du Président Kennedy;110 €;
Location meublée studio 25 m² Paris 15E;Paris 15e (75015). Disponible pour courte durée uniquement : de 1 à 3 mois et demi maximum (du 1er décembre au 18 mars 2018). Charmant studio proche Tour Eiffel à pied : 20 minutes à pied, 5 en bus, 10 en métro. Idéal 2...;Vaugirard (Adolphe Chérioux), Volontaires, Cambronne;950 €;Pièce 1 Surface 25 m 2
Location studio 22 m² Paris 17E;Paris 17e (75017). Porte Maillot - Neuilly. Quartier résidentiel. Résidence de standing située au milieu d'un jardin arboré et calme. Accès sécurisé, gardien, interphone, digicode. Grand studio entièrement rénové de 22 m² en...;Louise Michel, Porte de Champerret, Neuilly - Porte Maillot;1.150 €;Pièce 1 Surface 22 m 2
Location bureaux et locaux professionnels 25 m² Paris 17E;Paris 17e (75017). 'Coup de Coeur' Bureau original rez-de-chaussée Grande fenêtre sur rue, immeuble pierre de taille. Porte Maillot, face hôtel Hayat Regencyt. Accès rapide - stratégique - Périphérique Porte des Ternes/Champerret -...;Neuilly - Porte Maillot, Porte Maillot (Palais des Congrès), Porte de Champerret;900 €;Surface 25 m 2
Location meublée appartement 2 pièces 20 m² Paris 17E;Paris 17e (75017). Dans une petite copropriété, sur cour, logement calme dans un quartier très animé. 3 ème et dernier étage. 2 fenêtres, équipements neufs, internet, télévision. Disponible à partir du 1er Décembre. Loyer charges...;Ternes, Charles de Gaulle - Étoile, Argentine;950 €;Pièces 2 Chambre 1 Surface 20 m 2
Location meublée appartement 2 pièces 47 m² Paris 18E;Paris 18e (75018). Appartement de 47 m², au 1er étage, ascenseur, 2 pièces (1 chambre), refait à neuf en 2016, meublé avec goût et équipé avec électroménager récent et sous garantie, (lave linge, four, micro-ondes,...;Barbès - Rochechouart, Anvers, Château Rouge;1.400 €;Pièces 2 Chambre 1 Surface 47 m 2
Location garage, parking Paris 6E;Paris 6e (75006). Parking situé au : 63 rue du cherche midi. Parking au 3ème sous-sol. Accès par monte voiture et ascenseur piéton. Poids du véhicule maximum : 1,8 tonne. Loyer charges comprises;;110 €;
Location bureaux et locaux professionnels 58 m² Paris 17E;Paris 17e (75017). Locaux professionnels à deux pas du Pont Cardinet. Quartier en pleine mutation. Cabinet situé au rez-de-chaussée d'un immeuble d'habitation. Surface plain-pied 58 m², sous-sol 16 m² (lavabo, wc,...;;2.200 €;Surface 58 m 2
Location meublée studio 25 m² Paris 10E;Paris 10e (75010). A 50 m de la Porte Saint Martin, métro Strassbourg St Denis. Studio meublé, 24,70 m². Au 1er étage. 2 fenêtres double vitrage sur petite rue piétonne. Porte nlinbdée et interphone. Composé d'un séjour, d'une...;;830 €;Pièce 1 Surface 25 m 2
Location appartement 2 pièces 30 m² Paris 13E;Paris 13e (75013). Boulevard Arago, métro Les Gobelins (ligne 7). Dans bel immeuble ancien, tapis escalier, interphone, gardienne, verdure plein sud. 2 pièces 30 m² vue dégagée sur parc : entrée, coin-cuisinette équipée,...;Les Gobelins, Glacière, Corvisart;1.150 €;Pièces 2 Chambre 1 Surface 30 m 2
Location meublée appartement 2 pièces 39 m² Paris 13E;Paris 13e (75013). Métros : Place d'Italie - Nationale - Campo-Formio - Olympiades Lignes 5 - 6 - 7 - 14 Bus : lignes 27 - 47 - 57 - 64 - 83. Deux pièces très clair et très calme, toutes les fenêtres donnent sur un jardin...;Nationale, Place d'Italie, Campo-Formio;1.480 €;Pièces 2 Chambre 1 Surface 39 m 2
Location meublée studio 33 m² Paris 14E;Paris 14e (75014). Métro Vavin, 5 mn jardin du Luxembourg. Au 2e, ascenseur, très calme, sur cour d'un immeuble pierre de taille. Grand studio moderne parfait état, 33 m², meublé : cuisine équipée, salle de bains, lave-linge,...;Vavin, Raspail, Edgar Quinet;1.232 €;Pièce 1 Chambre 1 Surface 33 m 2
Location garage, parking Paris 14E;Paris 14e (75014). Box dans résidence sécurisée, proche de la gare Montparnasse, accessible facilement au 1er sous-sol du parking de la résidence. Digicode pour l'accès et gardien dans la copropriété. Parking éclairé. Le box ferme à...;Pernety, Gaîté, Plaisance;130 €;
Location meublée studio 26 m² Paris 14E;Paris 14e (75014). T1 meublé Bd St Jacques, orienté Sud, au 6e étage, ascenseur, digicode, gardiennage. - Salon très agréable avec grande ouverture, parquet au sol, Mezzanine construite sur mesures avec lit de 140 cm, canapé, bureau,...;Saint-Jacques, Glacière, Denfert-Rochereau (Colonel Rol-Tanguy);970 €;Pièce 1 Surface 26 m 2
Location meublée studio 40 m² Paris 16E;Paris 16e (75016). Trocadéro/Passy. Grand studio meublé 40 m². Rez-de-chaussée. Comprenant : cuisine séparée et équipée, salle de bains/wc, lave-linge. Nombreux rangements et placards. Eau et chauffage collectifs. ...;Passy, Rue de la Pompe (Avenue Georges Mandel), Trocadéro;1.200 €;Pièce 1 Chambre 1 Surface 40 m 2
Location appartement 5 pièces 116 m² Paris 16E;Paris 16e (75016). Appartement 5 pièces, Boulevard Murat. Bel immeuble 1900 briques et pierres. 5 pièces 116 m², au 5e ét, ascenseur : entrée, salon/salle à manger, cuisine, salle de bains, 3 chambres dont 2 sur cour. Nombreux...;Exelmans, Michel-Ange - Molitor, Porte d'Auteuil;2.770 €;Pièces 5 Chambres 3 Surface 116 m 2
Location appartement 3 pièces 53 m² Paris 8E;Paris 8e (75008). 3 pièces meublé de 53 m², à 2 pas de l'Arc de Triomphe, au 32 avenue de Frienland, dans immeuble Hausmannien très bien entretenu avec gardien et digicode. 2ème étage avec ascenseur. Cuisine américaine,...;;2.250 €;Pièces 3 Chambres 2 Surface 53 m 2
Location meublée appartement 2 pièces 46 m² Paris 19E;Paris 19e (75019). Métro Porte de Pantin. Entre Buttes-Chaumont et Villette. 2 pièces meublé, 46 m², rez-de-chaussée sur jardin dans résidence fermée. Calme et très lumineux. Grandes baies vitrées. Etat neuf. Entrée, cuisine...;Porte de Pantin (Parc de la Villette), Butte du Chapeau Rouge, Ourcq;1.290 €;Pièces 2 Chambre 1 Surface 46 m 2
Location garage, parking Paris 18E;Paris 18e (75018). Nous mettons en location plusieurs places de parking au 1, rue Vincent Compoint dans le 18ème arrondissement, disponibles immédiatement : Il s'agit d'un parking privé, dans un immeuble d'habitation (accès par une...;Jules Joffrin, Lamarck - Caulaincourt, Porte de Clignancourt;55 €;
Location meublée appartement 2 pièces Paris 6E;Paris 6e (75006). Rue du Cherche Midi. ** Pour étudiants(es) sérieux. Toutes nationalités.** A 100 m du magasin ' Le Bon Marché ', des métros Sèvres-Babylone et Saint-Placide. A moins de 5 min de marche de Sciences-Po et du...;;1.450 €;Pièces 2 Chambre 1
Location meublée appartement 5 pièces 98 m² Paris 7E;Paris 7e (75007). T5, Bac/Grenelle : Appartement familial entièrement rénové : une chambre parentale, deux chambres enfants en face de l'école Ste Clotilde. Séjour avec poutres et cheminée donnant sur terrasse de 20 m²,...;Rue du Bac, Solférino (Musée d'Orsay), Sèvres - Babylone;3.600 €;Pièces 5 Chambres 3 Surface 98 m 2
Location garage, parking Paris 15E;Paris 15e (75015). Parking couvert, une place. Idéal pour petite voiture citadine/moto/mobylette. Loyer : 110 € charges comprises.;Dupleix, Bir-Hakeim (Tour Eiffel), Champ de Mars - Tour Eiffel;110 €;
Location meublée studio 13 m² Paris 17E;Paris 17e (75017). Studio entièrement neuf dans immeuble pierre de taille, 6eme étage ascenseur, interphone, calme, 2 grandes fenêtres : cuisine équipée (four, réfrigérateur, plaques cuisson, machine à laver, salle de bains,...;Ternes, Pereire (Maréchal Juin), Porte de Champerret;950 €;Pièce 1 Surface 13 m 2
Location appartement 2 pièces 65 m² Paris 17E;Paris 17e (75017). Paris 17 Ternes. Loue appartement dans bel immeuble sur place dégagée sans vis-à-vis. Exposition plein sud. Entrée, salon, salle à manger, chambre, cuisine dinatoire, salle de bains, dressings. Le tout entièrement...;;1.950 €;Pièces 2 Chambre 1 Surface 65 m 2
Location meublée studio 20 m² Paris 20E;Paris 20e (75020). Dans rue calme, studio meublé, rez-de-chaussée très calme, tout meublé : canapé-lit / armoire / commode / table basse / cuisine entièrement équipée (lave-linge/ micro-ondes four / plaque / hotte / frigidaire /...;Maraîchers, Porte de Montreuil, Marie de Miribel;880 €;Pièce 1 Surface 20 m 2
Location meublée appartement 3 pièces 74 m² Paris;Paris 1er (75001). Meublé bail du code civil exclusivement. Triangle Vendôme - Opéra - Louvre. T3 de 74 m², 2 digicodes, ascenseur, 3ème étage, porte sécurisée. Un séjour, 2 chambres spacieuses, petite cuisine équipée, grande...;Tuileries, Pyramides, Quatre-Septembre;2.370 €;Pièces 3 Chambres 2 Surface 74 m 2
Location bureaux et locaux professionnels 40 m² Paris 9E;Paris 9e (75009). Bureaux lumineux et calme dans immeuble avec gardien. Hall d'accueil partagé avec Agences RP et Digital. Espace privatif et fermé comprenant : - 1 bureau salle de réunion pouvant accueillir 5 personnes - 1 bureau...;Havre - Caumartin, Auber, Madeleine;1.600 €;Surface 40 m 2
Location meublée chambre 20 m² Paris 11E;Paris 11e (75011). Joli studio avec vue sur grand jardin, ensoleillé, dans un immeuble de 5 étages, au deuxième étage avec ascenseur, voisinage agréable, quartier paisible. Pièces bien distribuées par un couloir : entrée, salle de...;;850 €;Pièce 1 Surface 20 m 2
Location studio 17 m² Paris 20E;Paris 20e (75020). Rue Sorbier, Immeuble ancien, au 3ème étage, studio bien agencé refait entièrement à neuf comprenant : entrée, cuisinette, salle d'eau avec wc, coin nuit, sans vis-à-vis. Agence s'abstenir. Dossier demandé.;Ménilmontant, Père Lachaise, Gambetta;750 €;Pièce 1 Surface 17 m 2
Location meublée studio 19 m² Paris 5E;Paris 5e (75005). A 500 m Sorbonne, secteurs lycées Henri IV, St-Louis, Louis-Le-Grand, Jardin du Luxembourg situé à 150 m du RER B Station St MICHEL et Cluny-Sorbonne. Studio meublé, calme. Au 2ème étage, lumineux, orienté ouest, deux...;Saint-Michel - Notre-Dame, Saint-Michel, Cluny - La Sorbonne;1.200 €;Pièce 1 Surface 19 m 2
Location ou cession local commercial 130 m² Paris 8E;Paris 8e (75008). Emplacement haut-de-gamme, rue du Faubourg Saint Honoré, proche avenue de Friedland / boulevard Haussmann. Très belle boutique refaite à neuf, sols, peintures et électricité, surface de plain pied avec de beaux...;;4.500 €;Surface 130 m 2
Location meublée chambre 9 m² Paris 15E;Paris 15e (75015). Chambre de 9m2 - 6ème étage par escalier de service, meublé, calme, lit une place, une table, deux chaises, bloc cuisinette entièrement équipé, douche, wc. Loyer : 440 €/mois + charges...;Falguière, Duroc, Pasteur;480 €;Pièce 1 Chambre 1 Surface 9 m 2
Location meublée studio 28 m² Paris 16E;Paris 16e (75016). Studio meublé entièrement refait à neuf par un architecte, avec des prestations de grande qualité, de 28.26 m² avec balcon de 8.34 m², situé rue Saint Didier, quartier Trocadéro, dans un immeuble parisien de...;;1.350 €;Pièce 1 Surface 28 m 2
Location studio 22 m² Paris 18E;Paris 18e (75018). Rue des Poissonniers, à proximité du métro Marcadet Poissonniers (lignes 4 et 12), charmant studio clair et lumineux de 22 m² situé au 3e étage sans ascenseur avec vue dégagée sur rue. Double vitrage. Composé...;Marcadet - Poissonniers, Simplon, Jules Joffrin;790 €;Pièce 1 Surface 22 m 2
Location meublée appartement 2 pièces 36 m² Paris 19E;Paris 19e (75019). A louer à côté du Parc des Buttes Chaumont, au 2ème étage avec ascenseur, un appartement de 2 pièces récemment refait, entièrement meublé et équipé avec : - salon comportant un clic-clac, tv écran plat, table basse...;Bolivar, Colonel Fabien, Buttes Chaumont;1.250 €;Pièces 2 Chambre 1 Surface 36 m 2
Location bureaux et locaux professionnels 35 m² Paris 2E;Paris 2e (75002). Bureau 35 m², toilette et cuisine. Loyer : 1580 € charges comprises.;Bonne Nouvelle, Sentier, Réaumur - Sébastopol;1.580 €;Surface 35 m 2
Location meublée appartement 2 pièces 38 m² Paris 15E;Paris 15e (75015). 2 pièces meublé refait à neuf 38 m², décoration très soignée. 3eme etage sans ascenseur . Literies neuves, équipées. Toutes commodités/internet, télévision. Cuisine équipée, espace salon, une grande chambre,...;;1.500 €;Pièces 2 Chambre 1 Surface 38 m 2
Location garage, parking Paris 17E;Paris 17e (75017). Parking privatif dans immeuble hausmanniern : box non fermé. 15 avenue de Villiers Accès par badge. Loyer charges comprises;Villiers, Malesherbes, Monceau;180 €;
Location meublée chambre 31 m² Paris 19E;Paris 19e (75019). F1 situé dans une résidence arboré et calme avec vigiles et gardien. Proche de tous commerce métro, bus, et tram. Cet appartement est à 5mn à pied du canal et à 8mn du parc de La Villette. Composé d'une entrée avec...;Corentin Cariou, Crimée, Canal Saint-Denis;1.080 €;Pièce 1 Surface 31 m 2
Location bureaux et locaux professionnels 40 m² Paris 10E;Paris 10e (75010). Métro Louis Blanc, rue Lafayette, proche Gare du Nord et Gare de l'Est. Bureau de 40 m² environ entièrement refait à neuf tout confort, chauffage central, sanitaire. Libre de suite. Prix...;;1.400 €;Surface 40 m 2
Location meublée appartement 3 pièces 51 m² Paris 14E;"Paris 14e (75014). Domicile exceptionnel. **Disponible 1er janvier - 30 juin 2018. (Il n'est pas possible de prolonger ou réduire la période de location; c'est le domicile du propriétaire 6 mois chaque année -- soin attentif de...";Mouton-Duvernet, Denfert-Rochereau (Colonel Rol-Tanguy), Alésia;1.600 €;Pièces 3 Chambres 2 Surface 51 m 2
Location meublée studio 38 m² Paris 16E;Paris 16e (75016). Boulevard Suchet. Très beau studio meublé 38 m² refait neuf. Cuisine entièrement équipée avec lave-linge. Grande salle de bains. Double vitrage. Parquet. Excellent état. Au 3e étage avec ascenseur. Très...;Ranelagh, Jasmin, La Muette;1.390 €;Pièce 1 Surface 38 m 2
Location bureaux et locaux professionnels 18 m² Paris 20E;Paris 20e (75020). Métros Philippe Auguste/Alexandre Dumas. 1er étage, ascenseur. Immeuble de standing au calme. Société loue bureaux indépendants avec salle de réunion/toilettes à partager. (eau/électricité/chauffage/charges...;;850 €;Surface 18 m 2
Location studio 23 m² Paris;Paris 11e (75011). Rue Amelot, limite Marais, entre Cirque d'Hiver et Bastille. Studio environ 23 m², clair, refait à neuf : petite entrée indépendante, grand placard/penderie, salle de bains + wc et lavabo, cuisine équipée,...;;900 €;Pièce 1 Surface 23 m 2
Location ou cession local commercial 121 m² Paris 3E;Paris 3e (75003). Boutique à céder, prix cession de bail : 135.000 euros. Loyer: 2200 euros. Surface de 121 m² sur 3 niveaux: Sous-sol (35 m²), rez-de-chaussée (50 m²), 1er étage (35 m²). Belle vitrine (5 m...;Temple, Arts et Métiers, République;2.200 €;Surface 121 m 2
Location meublée appartement 3 pièces 84 m² Paris 14E;Paris 14e (75014). Exceptionnel et Rare: 84m2 au coeur de Montparnasse. Appartement meublé à louer avec bail d'un an minimum. 5° étage avec ascenseur. Comportant une pièce à vivre de 30 m² , une chambre avec un lit double. une...;Montparnasse - Bienvenüe, Edgar Quinet, Vavin;2.450 €;Pièces 3 Chambres 2 Surface 84 m 2
Location meublée appartement 2 pièces 34 m² Paris 20E;Paris 20e (75020). T2 de 34 m² au 5eme et dernier étage sans ascenseur. semi meublé, parquet et cheminée, bien agencé, calme (vue sur Père Lachaise) et vue dégagée, dans un quartier vivant. Entrée, cuisine séparée et aménagée...;Alexandre Dumas, Philippe Auguste, Avron;975 €;Pièces 2 Chambre 1 Surface 34 m 2
Location appartement 2 pièces Paris 15E;Paris 15e (75015). Métro Emile Zola (à 50 m). 2 pièces récent, au 2ème étage, standing : entrée, séjour, chambre, salle de bains (baignoire), wc séparés, cuisine avec éléments, placard, parquet. Terrasse carrelée, calme, plein...;;1.475 €;Pièces 2 Chambre 1
Location bureaux et locaux professionnels 8 m² Paris 3E;Paris 3e (75003). Rue Beaubourg, dans immeuble de prestige 1930. Proximité centre Georges Pompidou. Métro Rambuteau - RER Châtelet les Halles. Proche parkings publics. Local de 8 m² et un local 33 m², entièrement...;;;Surface 8 m 2
Location meublée studio 11 m² Paris 16E;Paris 16e (75016). Avenue de Versailles Studette meublée 11 m², immeuble pierre de taille, gardien, digicode, au 1er étage, ascenseur. Refait à neuf. Très clair. Equipement : cuisinette (plaques électriques 2 feux, micro-ondes,...;;540 €;Pièce 1 Surface 11 m 2
Location appartement 3 pièces 79 m² Paris 17E;"Paris 17e (75017). Appartement 3 pièces de 79 m² environ au 2ème étage dans immeuble charmant et moderne de 2 étages avec cour intérieure, sécurisé interphone et digicode. Entrée, séjour avec cuisine US aménagée de 40 m²; 2...";Porte de Clichy, Brochant, Guy Môquet;1.800 €;Pièces 3 Chambres 2 Surface 79 m 2
Location meublée appartement 2 pièces 52 m² Paris 5E;Paris 5e (75005). Place Contrescarpe / Rue Mouffetard. Appartement 2 pièces, meublé de 52 m². Salon avec cuisine ouverte et équipée, chambre sur cour, salle de bains. Loyer : 1.650 €/mois charges comprises.;Place Monge (Jardin des Plantes - Arènes de Lutèce), Cardinal Lemoine, Jussieu;1.650 €;Pièces 2 Chambre 1 Surface 52 m 2
Location ou cession local commercial 48 m² Paris 15E;Paris 15e (75015). Location pure sans reprise. 162 rue de la Convention. Tous commerces possibles sans nuisances. Bail commercial 3-6-9 ou bail précaire selon projet. Rez-de-chaussée 34,3 m² + sous-sol 13,5 m² avec un...;Convention, Félix Faure, Boucicaut;2.490 €;Surface 48 m 2
Location studio 28 m² Paris 18E;Paris 18e (75018). Métro Simplon (lignes 4 et 12). Studio avec balcon 28 m² environ (25 m² + 3 m²), immeuble dans jardin arboré, traversant trois expositions Est-Sud-Ouest, à 50 mètres d'un parc. Vue sur la Basilique et la...;Simplon, Porte de la Chapelle, Marcadet - Poissonniers;940 €;Pièce 1 Surface 28 m 2
Location garage, parking Paris 10E;Paris 10e (75010). Rue Dieu à coté de la place de la République. Emplacements de parkings sécurisés à louer au 2 et 4, sous-sol. Loyer charges comprises.;Jacques Bonsergent, République, Goncourt (Hôpital-Saint-Louis);125 €;
Location meublée studio 25 m² Paris 3E;Paris 3e (75003). Studio de 25 m² rue de Turenne. Très charmant appartement loué meublé. Très clair, (3 grandes fenêtres) vue dégagée sur les toits de Paris, Très calme. Dans un immeuble en pierre de taille, 1 minute à pied de la...;Chemin Vert, Saint-Paul (Le Marais), Bréguet - Sabin;1.295 €;Pièce 1 Surface 25 m 2
Location garage, parking Paris 10E;Paris 10e (75010). Métro Louis-Blanc. Proche gare de l'Est et Stalingrad. Emplacement de parking dans résidence moderne et sécurisé 24 h/24, accès par télécommande. Gardien 7 jours/7. 3 entrées : 42 rue de l'Aqueduc/221...;Louis Blanc, Stalingrad, Jaurès;120 €;
Location appartement 5 pièces 135 m² Paris;Paris 16e (75016). Face Radio France, immeuble résidentiel. Appartement vue dégagée. 5 pièces 135 m² habitables, très bon état, au 5e étage, ascenseur. Monte charges. Entrée, double séjour, 3 chambres avec placard, couloir...;;4.250 €;Pièces 5 Chambres 3 Surface 135 m 2
Location bureaux et locaux professionnels 60 m² Paris 2E;Paris 2e (75002). Métro Réaumur Sébastopol. Local commercial dans passage calme et clair, 60 m² sur 3 niveaux. 20 m² par niveau (+ 15 m² sous-sol). Conviendrait pour bureaux, architecte, graphiste, agence ... activités...;;1.850 €;Surface 60 m 2
Location meublée appartement 2 pièces 38 m² Paris 5E;Paris 5e (75005). Rue Mouffetard, quartier Latin/Panthéon, métro et commerces à proximité. 2 pièces 38 m², meublé, au 2e, 2 digicodes, décoré par architecte, entièrement meublé et équipé, linge, draps et vaisselles fournis. ...;;1.790 €;Pièces 2 Chambre 1 Surface 38 m 2
Location garage, parking Paris 13E;Paris 13e (75013). 43/45 rue de la Glacière. Parking en sous-sol, accès par clé magnétique, calme. Gardien sur place. Loyer mensuel charges comprises.;;95 €;
Location appartement 2 pièces 45 m² Paris 14E;Paris 14e (75014). PARIS 14E. Proche Montparnasse, 100 mètres métro Pernety. Dans petit immeuble ancien, rénové. Au 4e sans ascenseur. Appartement 45 m² : entrée/bureau (fenêtre) avec grand placard-penderie, séjour, petite...;;1.380 €;Pièces 2 Chambre 1 Surface 45 m 2
Location meublée appartement 6 pièces 125 m² Paris 16E;Paris 16e (75016). Métro Victor Hugo, proche avenue Victor Hugo. Idéalement situé, entre la place Charles de Gaulle Etoile, la place du Trocadéro et le bois de Boulogne, à deux stations de métro de La Défense. Appartement meublé et...;Victor Hugo, Kléber, Boissière;4.400 €;Pièces 6 Chambres 3 Surface 125 m 2
Location garage, parking Paris 17E;Paris 17e (75017). Métro : Villiers. 1 place de parking à louer rue de Levis, pour voiture moyenne dans un immeuble moderne de bon standing sécurisé avec bip et digicode. Accès voiture par rampe. Accès piéton par un ascenseur. ...;Villiers, Malesherbes, Rome;175 €;
Location meublée appartement 2 pièces 47 m² Paris 14E;Paris 14e (75014). Proche Denfert-Rochereau. Métro aérien à 5 minutes ligne 6. Orlybus. Petite résidence moderne, beau 2 pièces meublé avec agréable balcon sur espace vert. Ascenseur. Très calme, fonctionnel et parfait état. Séjour...;Glacière, Saint-Jacques, Denfert-Rochereau (Colonel Rol-Tanguy);1.313 €;Pièces 2 Chambre 1 Surface 47 m 2
Location meublée appartement 4 pièces 80 m² Paris 13E;Paris 13e (75013). Situé à 15 minutes à pied du Luxembourg. Cet appartement de 80 m², est meublé, entièrement rénové prêt pour une installation immédiate. Au 4e étage, il est composé de deux chambres, d'un salon et d'une salle à...;Port-Royal, Saint-Jacques, Glacière;2.200 €;Pièces 4 Chambres 2 Surface 80 m 2
Location appartement 3 pièces 63 m² Paris 15E;Paris 15e (75015). Bel appartement de standing, pierre de taille de 63 m², ascenseur. Métros Boucicaut et Félix Faure. 2 chambres, cave. Bon emplacement et bien agencé. Cuisine équipée. Loyer charges comprises.;;1.640 €;Pièces 3 Chambres 2 Surface 63 m 2
Location bureaux et locaux professionnels 30 m² Paris 20E;Paris 20e (75020). 30 m², métro maraîchers, façon loft, bureau, local d'activité indépendant dans une cour pavée, au calme. Grandes baies vitrées, hauteur sous plafond 3,45 m. idéal graphiste, profession libérale. Loyer :...;;1.400 €;Surface 30 m 2
Location ou cession local commercial 35 m² Paris 10E;Paris 10e (75010). Commerce de linge de maison artisanale. Cession du bail d'un local commercial sur la rue très passante du Faubourg Saint-Martin. Tous commerces sauf alimentaire. Maison Bichon, fleuriste Monceau, Halles aux...;;1.133 €;Surface 35 m 2
Location garage, parking 16 m² Paris 19E;Paris 19e (75019). Grand box fermé d'une grille basculante, 16 m² environ, pour voiture gros gabarit ou citadine + moto dans une résidence de standing, 2 gardiens, caméras, badge. Accès facile au 1er sous-sol et large espace pour...;Danube, Botzaris, Ourcq;130 €;Surface 16 m 2
Location meublée studio Paris 17E;Paris 17e (75017). Métro Charles de Gaulle Etoile Au 7e par escalier de service, studette meublée, cuisinette : réfrigérateur, évier, plaques électriques, micro-ondes, lit une place, placards/penderie, bureau mural. Salle d'eau avec...;;680 €;Pièce 1
Location bureaux et locaux professionnels 130 m² Paris 10E;Paris 10e (75010). 130 m² sur rue et sur cour, 3e étage sans ascenseur (en projet pour 2019), ensoleillé, triple exposition : entrée, salle de conférences, 5 bureaux indépendants, cuisine équipée, salle d'eau avec douche, wc...;;3.800 €;Surface 130 m 2
Location chambre 9 m² Paris 10E;Paris 10e (75010). Boulevard Magenta. Métro Gare du Nord. Au 6e sans ascenseur, chambre de service de 9,50 m². Kitchenette, douche. Wc sur palier. Libre le 15 novembre. 400 €/mois provision charges comprise.;;400 €;Pièce 1 Chambre 1 Surface 9 m 2
Location meublée studio 9 m² Paris 9E;Paris 9e (75009). Commerces et transports, quartier vivant et agréable. A proximité du métro Cadet et Notre-Dame de Lorette Au 6e et dernier étage, studette meublée entièrement refaite à neuf en juillet 2015, Porte extérieur blindée.;;690 €;Pièce 1 Surface 9 m 2
Location ou cession local commercial 21 m² Paris 14E;Paris 14e (75014). Direct propiétaire. Jolie boutique récemment refaite à neuf, située 105 rue Didot. Environnement très commerçant. Belle vitrine. Surface Carrez 21,34 m² en rez-de-chaussée. Salle d'eau, wc, alarme, rideau...;Gambetta, Pelleport, Saint-Fargeau;1.300 €;Surface 21 m 2
Location meublée appartement 3 pièces 80 m² Paris 16E;Paris 16e (75016). Quartier Maison de la Radio-Passy. Dans maison ancienne. Vue sur jardin et toits. Beaucoup de charme. En duplex, une pièce toute entourée de fenêtres. Possible deux ou trois chambres. Etudiants bienvenus. Grand...;;2.490 €;Pièces 3 Chambres 2 Surface 80 m 2
Location studio Paris 16E;Paris 16e (75016). 5 min Champs Elysées, 5 min Tour Eiffel, proche Universités, 10 min Deauphine, 5 min Mode Art, 20 min Sorbonne et Sciences Po. Quartier résidentiel très sécurisé, villa, fleurs, proche bois de Boulogne. Immeuble grand...;;1.100 €;Pièce 1
Location studio 27 m² Paris 9E;Paris 9e (75009). Appartement 27 m², quartier calme, proche des Galeries La Fayette. Récemment rénové, meublé et entièrement équipé (wifi, télévision, lave-linge, micro-ondes, machine à café...). Loyer charges comprises. ...;Cadet, Anvers, Saint-Georges;1.150 €;Pièce 1 Surface 27 m 2
Location meublée studio 31 m² Paris 10E;Paris 10e (75010). Canal Saint-Martin, Colonel Fabien. Au 4ème étage avec ascenseurs. Studio 31 m² entièrement meublé, parfait état, fonctionnel, calme, lumineux, vue sur cour arborée. Entrée : grands placards.;Colonel Fabien, Louis Blanc, Jaurès;1.200 €;Pièce 1 Surface 31 m 2
Location meublée studio 26 m² Paris 11E;Paris 11e (75011). Rue Saint-Maur, proche square Gardette. Beau studio 26 m² au 2e étage sur rue, clair et calme (fenêtres double vitrage), digicode, interphone et cave. Rénové il y a 18 mois, il comprend entrée, pièce...;Rue Saint-Maur, Voltaire (Léon Blum), Père Lachaise;995 €;Pièce 1 Surface 26 m 2
Location garage, parking Paris 15E;Paris 15e (75015). Places pour voiture de taille moyenne ou moto au 2 rue Corbon. Proche Convention. Loyer : 50 €/mois charges comprises moto et 120 auto.;;50 €;
Location appartement 2 pièces 51 m² Paris 17E;Paris 17e (75017). Beau 2 pièces (parquet, cheminées, moulures) avec coin bureau idéalement situé au pied des commerces (Franprix, boulangerie, boucherie...) et situé au 4ème étage sur cour au calme, tout confort et équipé de la fibre. ...;Lamarck - Caulaincourt, Guy Môquet, La Fourche;1.640 €;Pièces 2 Chambre 1 Surface 51 m 2
Location ou cession local commercial 28 m² Paris 1Er;Paris 1er (75001). Quartier à forte fréquentation. Axe trés passant. Boutique 28 m² avec petite réserve et wc. Vitrine 3 mètres. Refait à neuf. Droit au bail: 107 000 € Loyer 2 054 € HT + 120 €...;;2.054 €;Surface 28 m 2
Location meublée studio 20 m² Paris 13E;Paris 13e (75013). Métro Place d'Italie, Les Gobelins. Studio meublé 20,50 m² avec mezzanine, rez-de-chaussée, calme, digicode. Coin cuisine (réfrigérateur, plaques, rangement, vaisselle), lit mezzanine 2 personnes, coin salle à...;;790 €;Pièce 1 Surface 20 m 2
Location garage, parking Paris 16E;Paris 16e (75016). Rue Jean de la Fontaine, près Orphelins d'Auteuil. Place de parking dans immeuble moderne, au 1er sous-sol, facile d'accès (bip). Loyer charges comprises.;;220 €;
Location appartement 2 pièces 64 m² Paris 15E;Paris 15e (75015). Commerce. Idéalement situé à deux pas de la rue du Commerce, dans un immeuble moderne de standing. Magnifique F2, 64 m², au 4e étage avec ascenseur, beaux volumes, très lumineux, comprenant : vaste...;Commerce, Félix Faure, Avenue Émile Zola;1.830 €;Pièces 2 Chambre 1 Surface 64 m 2
Location ou cession local commercial 25 m² Paris 16E;Paris 16e (75016). Boutique située au 3 Rue Nicolo dans une rue passante, en face d'un institut de beauté très prisé par les habitantes du quartier, à 80 m de la rue de Passy qui est très commerçante. La boutique a une surface de...;;1.290 €;Surface 25 m 2
Location meublée appartement 2 pièces 58 m² Paris 16E;Paris 16e (75016). Situé au 4ème étage sans ascenseur d'un immeuble ancien avec gardien. Cet appartement de 2 pièces de 58 m² loué meublé tout confort, refait à neuf par un architecte. Lumineux et au calme, tout en étant proche de toutes...;Victor Hugo, Rue de la Pompe (Avenue Georges Mandel), Trocadéro;2.000 €;Pièces 2 Chambre 1 Surface 58 m 2
Location meublée studio 37 m² Paris 17E;Paris 17e (75017). Métro Wagram ou Pereire. Au 2e, très belle copropriété (ancien hôtel particulier). Appartement meublé standing style Loft 37 m² (28,20 m² Loi Carrez), parfait état, tout équipé (lave-linge séchant, linge,...;;1.400 €;Pièce 1 Surface 37 m 2
Location garage, parking Paris;Paris 12e (75012). 113 rue de Reuilly. Parking au 1er sous-sol. Accès sécurisé par bip et caméra. Loyer charges comprises.;;93 €;
Location meublée studio 18 m² Paris 18E;Paris 18e (75018). Métro Marcadet Poissonniers. Studio meublé, 18 m² environ, refait à neuf, au 3e étage avec ascenseur, très clair par baie vitrée : cuisine américaine, salle d'eau (douche, wc). Chauffage et eau chaude...;;700 €;Pièce 1 Surface 18 m 2
Location meublée appartement 2 pièces 23 m² Paris 2E;Paris 2e (75002). Appartement meublé en très bon état, de 23 m² proche du quartier de Montorgueil dans un immeuble Haussmannien calme. L'appartement est au 3ème étage sur cours, constitué d'une chambre, d'un salon/cuisine...;Bonne Nouvelle, Sentier, Strasbourg - Saint-Denis;1.280 €;Pièces 2 Chambre 1 Surface 23 m 2
Location garage, parking Paris 8E;Paris 8e (75008). Place pour un véhicule gabarit Mercedes classe C/ Renault Laguna. Immeuble sécurisé, gardé 24/24, 5e sous-sol, accès sécurisé avec bip. Accès piéton par escalier ou ascenseur avec clef . Accès véhicule facile par...;Courcelles, Ternes, Monceau;240 €;
Location appartement 2 pièces 37 m² Paris 12E;Paris 12e (75012). Vide appartement de 2 pièces, avenue du Général Bizot, proche transports et commerces. Surface habitable de 36,51 m² est au 2ème étage avec ascenseur. Il dispose d'une cave en sous-sol. Il comprend une...;Michel Bizot, Porte de Charenton, Porte Dorée;1.080 €;Pièces 2 Chambre 1 Surface 37 m 2
Location meublée appartement 2 pièces 23 m² Paris 13E;Paris 13e (75013). Tolbiac/Patay. Rue de Patay, station Maryse Bastié (ligne T3) et station Olympiades (ligne 14). F2 de 23 m² au 5ème et dernier étage, vue dégagée, sans vis à vis. Pas d'ascenseur. Appartement refait à neuf,...;;800 €;Pièces 2 Chambre 1 Surface 23 m 2
Location bureaux et locaux professionnels 350 m² Paris 15E;Paris 15e (75015). À deux pas du Champ-de-Mars et de la Tour Eiffel, venez découvrir notre nouveau centre d'affaires de standing ! Nous proposons un plateau de bureaux de 350 m² dont un openspace ouvert de 100 m² soit 50...;Dupleix, Avenue Émile Zola, La Motte-Picquet - Grenelle;15.750 €;Surface 350 m 2
Location meublée appartement 2 pièces 40 m² Paris 18E;Paris 18e (75018). 2 pièces spacieux, 40 m², meublé. Situé à 3 minutes du métro Barbès dans le 18em. 1er étage avec ascenseur. Grande pièce principale avec cuisine ouverte toute équipée. Chambre lumineuse. Douche à l'italienne,...;Barbès - Rochechouart, Château Rouge, La Chapelle;1.150 €;Pièces 2 Chambre 1 Surface 40 m 2
Location meublée studio 18 m² Paris 19E;Paris 19e (75019). Très joli F1 meublé et équipé de 18 m² récemment rénové. Situé dans les beaux quartiers et élégants du 19ème arrondissement de Paris. Disponible de suite. Dans un bel immeuble, au rez-de-chaussée. Beau jardin...;Jourdain, Botzaris, Place des Fêtes;900 €;Pièce 1 Chambre 1 Surface 18 m 2
Location garage, parking Paris 15E;Paris 15e (75015). Emplacement de parking situé en 2e sous-sol. Deux entrées : 11 rue de Lourmel / 18 rue Juge. Proche du métro Dupleix. Gardien et vidéo-surveillance. Accès avec télécommande. Large entrée. Caution de...;;125 €;
Location bureaux et locaux professionnels Paris 12E;Paris 12e (75012). Gare de Lyon. Bureau indépendant, climatisé avec accès privatif, refait à neuf, grand standing avec salle de réunion, hôtesse d'accueil et secrétariat téléphonique inclus. Toutes activités sauf médicales. ...;;750 €;
Location meublée appartement 2 pièces 36 m² Paris 3E;Paris 3e (75003). Situé rue Notre Dame de Nazareth. Cet appartement de charme (36 m²) se compose d'un grand salon avec une cuisine américaine, une chambre avec rangement et une salle de bains, très clair et calme. Poutres...;Arts et Métiers, Temple, Strasbourg - Saint-Denis;1.450 €;Pièces 2 Chambre 1 Surface 36 m 2
Location bureaux et locaux professionnels 745 m² Paris 5E;Paris 5e (75005). Au coeur du 5ème arrondissement, à deux pas du Panthéon et du magnifique jardin du Luxembourg. Nous proposons un plateau de bureaux de 745 m² à 550 € HT/ m²/an soit 660 € TTC...;Luxembourg, Cardinal Lemoine, Cluny - La Sorbonne;34.145 €;Surface 745 m 2
Location ou cession local commercial 58 m² Paris 9E;Paris 9e (75009). Local commercial de choix en plein 9ème arrondissement, 31 rue La Bruyère. 58 m² avec grande vitrine sur rue de 4m de long. Secteur idéal. 10.000E droit au bail. Pas de restauration cuisson mais reste au froid...;Saint-Georges, Trinité - d'Estienne d'Orves, Pigalle;2.140 €;Surface 58 m 2
Location bureaux et locaux professionnels 128 m² Paris 10E;Paris 10e (75010). 128 m² de bureaux . Entre la gare de l'Est et la mairie du 10ème. Proximité tous transports (Gare de l'Est, Gare du Nord, plusieurs stations de Métro et arrêts de bus). Au 3ème étage, avec ascenseur, d'un...;Château d'Eau, Jacques Bonsergent, Strasbourg - Saint-Denis;4.700 €;Surface 128 m 2
Location meublée appartement 3 pièces 55 m² Paris;Paris 12e (75012). Gare de Lyon. Meublé, 3 pièces, 55 m², ascenseur, clair calme, balcon vue sur la Seine. Chauffage individuel gaz. Entrée, cuisine équipée, salon, 2 chambres : 1 double couchage, 1 couchage 1 personne, salle...;;1.400 €;Pièces 3 Chambres 2 Surface 55 m 2
Location meublée appartement 5 pièces 122 m² Paris 16E;Paris 16e (75016). Ranelagh - Porte de Passy - 5 pièces très ensoleillé, sans vis-à-vis, vue imprenable sur Bois de Boulogne Magnifique appartement 5 pièces (122 m²), 5e étage, ascenseur : double séjour, 3 chambres, 2 salles...;Ranelagh, Jasmin, La Muette;4.600 €;Pièces 5 Chambres 3 Surface 122 m 2
Location appartement 2 pièces 36 m² Paris 15E;Paris 15e (75015). Appartement non meublée 2 pièces 36 m² sur balcon, entrée, cuisine et salle de bains rénovées. Chauffage individuel au gaz (chaudière neuve) - charges peu élevées. Situation : rue Jean Maridor (Métro :...;Boucicaut, Lourmel, Desnouettes;1.130 €;Pièces 2 Chambre 1 Surface 36 m 2
Location garage, parking Paris;Paris 11e (75011). Ligne 9, métro Voltaire. Box à louer. Loyer : 140 Euros + forfait charges locatives/mois.;;140 €;
Location meublée studio 21 m² Paris 12E;Paris 12e (75012). Métro Porte de Vincennes. Studio meublé, rénové, neuf, 20 m², au 2e étage sur impasse : entrée, salle d'eau (douche, wc, meubles), coin salon, cuisinette (2 plaques, évier, hotte, réfrigérateur, placards),...;;779 €;Pièce 1 Surface 21 m 2
Location meublée studio 30 m² Paris 8E;Paris 8e (75008). Libre le 6 novembre. Grand studio 30 m², baie vitrée, balcon verdure, très calme, fond de couloir, 2e étage ascenseur avec code, gardien, code entrée, tout équipée : grand lit 2 personnes confort et récent,...;Saint-Philippe du Roule, George V, Courcelles;1.500 €;Pièce 1 Surface 30 m 2
Location ou cession local commercial 50 m² Paris 10E;Paris 10e (75010). Belle boutique d'angle, rue du Faubourg Saint Martin Située entre la Mairie du 10 ème et la gare de l'Est Rue commerçante avec de très nombreux moyens de transports à proximité Sans cession ni droit d'entrée ...;Château d'Eau, Jacques Bonsergent, Gare de l'Est (Verdun);2.170 €;Surface 50 m 2
Location bureaux et locaux professionnels 7 m² Paris 11E;Paris 11e (75011). Métro Nation. Cabinet juridique dans le 11e, loue une partie de ses locaux: Un petit bureau de 7 m² équipé d'un ordinateur, d'une imprimante, d'un téléphone fixe (appel illimité vers les fixes en France et en...;;350 €;Pièce 1 Surface 7 m 2
Location ou cession local commercial 37 m² Paris 12E;Paris 12e (75012). Belle boutique situé en plein coeur du 12e arrondissement, 5 m de vitrine, 37 m² + cave Tout commerces possibles y compris petite restauration ne nécessitant pas d'extraction. Loyer :...;;1.500 €;Surface 37 m 2
Location bureaux et locaux professionnels 255 m² Paris 15E;Paris 15e (75015). A proximité immédiate du centre commercial de Paris Beaugrenelle, et des quais de Seine. Nous vous proposons des bureaux bénéficiant d'une double exposition, très lumineux et vue dégagée sur la Tour Eiffel Bureau...;Charles Michels, Boucicaut, Javel - André Citroën;11.220 €;Surface 255 m 2
Location bureaux et locaux professionnels 15 m² Paris 16E;Paris 16e (75016). Une pièce d'environ 15 m² au sein d'une ensembe de bureaux en rez-de-chaussée. Toilettes et cuisinette comprises. Charges, electricité, internet et wifi haut débit compris. Loyer charges comprises.;;1.000 €;Surface 15 m 2
Location meublée appartement 3 pièces 54 m² Paris 16E;Paris 16e (75016). Appartement 54 m², Raffet, 6e étage, métro Jasmin. Meublé, appartement 54 m², proche avenue Mozart et bois de Boulogne. Immeuble de standing. Très beau 3 pièces de 54 m², au 6e étage ascenseur, très...;Jasmin, Michel-Ange - Auteuil, Ranelagh;1.780 €;Pièces 3 Chambre 1 Surface 54 m 2
Location bureaux et locaux professionnels 16 m² Paris 16E;Paris 16e (75016). Au coeur du 16ème arrondissement de Paris, venez découvrir notre nouveau centre d'affaires de standing. Situé sur l'avenue Ingres en face du Bois de Boulogne, ce centre d'affaires bénéficie d'un environnement de...;Chardon-Lagache, Exelmans, Michel-Ange - Molitor;1.450 €;Surface 16 m 2
Location ou cession local commercial 32 m² Paris 17E;Paris 17e (75017). Place de Clichy / Batignolles. 5 rue la Condamine. 20 m² au rez-de-chaussée et 12 m² sous sol accès direct de la boutique et porte blindée. Toilettes privatives. Belle façade de 4 m style années 1950.;La Fourche, Brochant, Place de Clichy;1.150 €;Surface 32 m 2
Location ou cession local commercial 61 m² Paris 2E;Paris 2e (75002). Adresse prestigieuse pour ce local commercial entièrement refait à neuf par un architecte, sur 3 niveaux pour une surface de 61,40 m². Au rez-de-chaussée une belle boutique aménagée de 17.60 m², au 1er niveau...;;1.732 €;Surface 61 m 2
Location meublée appartement 3 pièces 72 m² Paris 16E;Paris 16e (75016). Métro Jasmin. Avec parking. Dans bel immeuble. 3 pièces meublé, 72 m², 2e, ascenseur : séjour, cuisine équipée, 2 chambres, salle de bains, wc séparés, placards. Balcon. Parking en sous-sol. Gardien.;;2.640 €;Pièces 3 Chambres 2 Surface 72 m 2
Location appartement 2 pièces 52 m² Paris 9E;Paris 9e (75009). Angle de la rue du Faubourg Montmartre et de la rue Grange Batelière. Appartement de deux pièces. Très bien desservi par les transports en commun. Métro Grands Boulevards, Richelieu-Drouot, Le Peletier. Nombreux bus. ...;Grands Boulevards, Cadet, Le Peletier;1.545 €;Pièces 2 Chambre 1 Surface 52 m 2
Location garage, parking Paris 11E;Paris 11e (75011). Location Paris 11ème - 1 parking de 12 m² - Location d'une place de parking située au second sous-sol dans une copropriété récente de 16 lots au 84 rue de Charonne. Emplacement situé face à la rampe de sortie...;Faidherbe, Charonne, Faidherbe - Chaligny;110 €;
Location appartement 2 pièces 50 m² Paris 16E;Paris 16e (75016). Appartement 2 pièces 50 m² refait à neuf, lumineux, calme, deux terrasses privatives, séjour avec terrasse de 13 m², cuisine séparée meubles et gazinière, chambre avec terrasses de 7 m² sur jardin arboré,...;Porte Dauphine (Maréchal de Lattre de Tassigny), Avenue Foch, Avenue Henri Martin;1.560 €;Pièces 2 Chambre 1 Surface 50 m 2
Location appartement 4 pièces 110 m² Paris 15E;Paris 15e (75015). Métro Pasteur - Lycée Buffon. Standing, 110 m² + balcons. Excellent état. 3 chambres dont 2 sur jardin, grand séjour, parquet, cuisine aménagée rénovée, 2 salles de bains, 2 wc. Buanderie et dressings. ...;Falguière, Pasteur, Duroc;3.285 €;Pièces 4 Chambres 3 Surface 110 m 2
Location garage, parking Paris;Paris 20e (75020). Place de parking à louer, sécurisée avec télécommande au : 373 Rue des Pyrénées Loyer 120 €/mois charges comprises. Téléphoner à partir de 17h.;;110 €;
Location meublée appartement 2 pièces 29 m² Paris 3E;Paris 3e (75003). 2 pièce premier étage 29 m². Situé 103 rue du Temple 75003 Paris. Avec une entrée, une cuisine équipée americaine, Séjour, une chambre, une salle de bains , wc plus douche. Un placard, machine à laver avec...;;1.400 €;Pièces 2 Chambre 1 Surface 29 m 2
Location meublée appartement 2 pièces 38 m² Paris 17E;Paris 17e (75017). Proche Parc Monceau. Au 4e et dernier étage d'un petit immeuble, 2 pièces meublées, contemporain, très lumineux traversant, refait à neuf en 2015 avec des matériaux de qualité. Cuisine équipée : lave-vaisselle...;Monceau, Courcelles, Wagram;1.580 €;Pièces 2 Chambre 1 Surface 38 m 2
Location appartement 2 pièces 30 m² Paris 18E;Paris 18e (75018). Paris 18ème - Montmartre. Loue appartement 2 pièces, vide (non meublé) Location longue durée. 30 m², entièrement refait à neuf. Appartement composé d'1 salon/séjour, 1 chambre, 1 cuisine aménagée (avec...;;1.145 €;Pièces 2 Chambre 1 Surface 30 m 2
Location meublée studio 16 m² Paris 12E;Paris 12e (75012). Studio meublé de 16 m² au 1er étage avec ascenseur. Dans un immeuble de standing, sécurisé avec digicode. Gardienne sur place. 71 Avenue de Saint-Mandé 75012 Paris Composé: 1 Entrée, 1 Salle d'eau...;Alexandra David-Néel, Picpus (Courteline), Porte de Vincennes;850 €;Pièce 1 Surface 16 m 2
Location meublée studio 25 m² Paris 13E;Paris 13e (75013). Aux Gobelîns : grand studio, 25 m², limite 5e arrondissement, meublé, 6ème étage ascenseur, neuf et lumineux, baies vitrées. Hall d'entrée, penderies, cuisine et salle de bains aménagées, baignoire. Dans...;Les Gobelins, Campo-Formio, Censier - Daubenton;950 €;Pièce 1 Surface 25 m 2
Location garage, parking Paris 14E;Paris 14e (75014). Grandes places Parkings MOTOS et AUTOS. Quartier Denfert / Glacière. En sous-sol d'une résidence de standing , au 17 boulevard Saint Jacques. Parking très sécurisé avec gardien et éclairé 24h sur 24. Accès par BIP...;;50 €;
Location meublée appartement 4 pièces 86 m² Paris 17E;Paris 17e (75017). Villa Monceau - Quartier Courcelles. 86 m² + cave de 10 m². Appartement au 3e étage d'un immeuble en pierre de taille avec ascenseur. Double séjour, cuisine séparée, deux chambres sur cour, salle de bains,...;Pereire (Maréchal Juin), Pereire - Levallois, Wagram;2.800 €;Pièces 4 Chambres 2 Surface 86 m 2
Location studio 24 m² Paris 17E;Paris 17e (75017). Rue Tocqueville, angle Jouffroy d'Abbans, dans un immeuble pierre de taille standing avec digicode, interphone, gardienne. Studio au premier étage sur cour, calme : entrée, pièce principale, cuisine indépendante...;Pont-Cardinet, Malesherbes, Wagram;930 €;Pièce 1 Surface 24 m 2
Location ou cession local commercial 30 m² Paris 20E;Paris 20e (75020). ** Boutique tous commerces - Très Visible Axe Avenue Gambetta ** Boutique, proche Place Gambetta - Place Martin Nadaud et Père Lachaise. Tous commerces. Location éphémère, occasionnel possible, journée, semaine,...;Gambetta, Père Lachaise, Pelleport;1.500 €;Surface 30 m 2
Location meublée appartement 3 pièces 52 m² Paris 6E;Paris 6e (75006). Bel appartement rénové à colombage, 4e étage, meublé, immeuble ancien très ensoleillé, entièrement refait, cuisine et salle de bains refaites à neuf, wc indépendants, 2/3 pièces, chambre, séjour, salle à manger, entrée,...;;1.690 €;Pièces 3 Chambre 1 Surface 52 m 2
Location bureaux et locaux professionnels 65 m² Paris 10E;Paris 10e (75010). Idéal show-room ou bureaux sur cour arborée au rez-de-chaussée. Bon état. 1 pièce de 65 m² sur 3m50 de plafond. Près de la mairie du 10 ème entre gare de l'est et jacques bonserjent, chateau d'eau. Electricité...;;2.200 €;Surface 65 m 2
Location ou cession local commercial 35 m² Paris 10E;Paris 10e (75010). Bureau de 35 m² entre la gare de l'Est et la Mairie du 10e proche Gare de l'Est et gare du Nord. Composé de 3 pièces + wc. 2 entrées sur rues. Location courte durée (3 ans maximum) Loyer :...;;1.330 €;Surface 35 m 2
Location appartement 2 pièces 45 m² Paris 11E;Paris 11e (75011). Métro Goncourt, dans immeuble Haussmanien, ascenseur, bien entretenu, code interphone, sur 45 m², 2 belles pièces lumineuses calme sans vis-à vis, cuisine indépendante, salle d'eau (totalement équipées et...;;1.475 €;Pièces 2 Chambre 1 Surface 45 m 2
Location meublée studio 16 m² Paris 11E;Paris 11e (75011). Libre au 01/11/2017 - Studio meublé 16 m² - Rue Keller. Au 4ème étage sans ascenseur d'un immeuble sécurisé (digicode + interphone). Entièrement équipé : cuisine, salle de bains douche, dressing, wc...;Bréguet - Sabin, Ledru-Rollin, Voltaire (Léon Blum);780 €;Pièce 1 Surface 16 m 2
Location meublée appartement 2 pièces 50 m² Paris 12E;Paris 12e (75012). Au 8e étage (ascenseur) dans résidence située au pied de la Coulée Verte. Grand 2 pièces 50 m² très lumineux sans vis-à-vis, calme, comprenant : grande entrée, cuisine, 2 grandes pièces, couloir,...;;1.458 €;Pièces 2 Chambre 1 Surface 50 m 2
Location meublée studio 28 m² Paris 19E;Paris 19e (75019). Location meublée d'un studio de 28.3m2, 4e étage avec ascenseur. Immeuble neuf livré en juillet 2015, BBC RT2005: confortable, calme et silencieux. Grande pièce à vivre en parquet en chêne massif, avec rangements. ...;Rosa Parks, Porte d'Aubervilliers, Canal Saint-Denis;990 €;Pièce 1 Surface 28 m 2
